{"id": "easy_cert_helper", "scriptContent": "#Helper for easy cert provising VW\nsupported_CA=[\"AppViewX\",\"Comodo Certificate Manager\",\"DigiCert\",\"Ejbca\"]\n\n#Cert Group and Cert Policy\ncert_group = \"Default\"\ncert_policy = \"Default\"\n\n#Certificate Authority Custome Attribute\nca_custom_attribute = {}\n\n#Ejbca \nEjbca = {}\nEjbca[\"endEntityUserName\"] = \"APPVIEWX\"\nEjbca[\"endEntityProfileName\"] = \"APPVIEWX PROFILE\"\nEjbca[\"certificateProfileName\"] = \"EJBCA INTERMEDIATE CA\"\nEjbca[\"issuerCommonName\"] = \"CLIENT PROFILE\"\nca_custom_attribute[\"Ejbca\"] = Ejbca\n\n#Servers parameter\nserver_attribute = {}\n\n#TomCat\nTomCat = {}\nTomCat[\"certificateLocation\"] = \"/data/softwares/tomcat/cert\"\nTomCat[\"keyLocation\"] = \"/data/softwares/tomcat/key\"\nserver_attribute[\"Tomcat\"] = TomCat\n", "scriptType": "Python", "name": "easy_cert_helper", "description": ""}